android_cpu,android_mem
23.905881937602626,1334037.4799480021
