android_cpu,android_mem
52.57003027065527,1320416.3468393874
