android_cpu,android_mem
29.853225522903085,1300302.6073283977
