Battery Power* [uW] (Delta),Battery Power* [uW] (Raw)
165562.65518755026,1851051.0005685636
