android_cpu,android_mem
26.27394982107676,1404252.7389298447
