android_cpu,android_mem
53.39046813186813,1195079.1911593408
