Battery Power* [uW] (Delta),Battery Power* [uW] (Raw)
170943.00679930532,1202760.2341889956
