Battery Power* [uW] (Delta),Battery Power* [uW] (Raw)
121795.35096669002,1166816.7883770294
