android_cpu,android_mem
65.01155422114118,1286894.0410624302
