Battery Power* [uW] (Delta),Battery Power* [uW] (Raw)
105429.21067445612,1599114.9425790764
