android_cpu,android_mem
20.196338383838384,1251538.3131313133
