android_cpu,android_mem
18.02200932332479,1235622.2526873727
