Battery Power* [uW] (Delta),Battery Power* [uW] (Raw)
129942.68441874176,1143011.9542935514
