android_cpu,android_mem
31.651885342630077,1403434.6657525864
