android_cpu,android_mem
23.094503357488712,1330894.4591475958
