Battery Power* [uW] (Delta),Battery Power* [uW] (Raw)
170074.95827325078,2082983.5617536013
