android_cpu,android_mem
21.242111111710365,1192149.151844453
