android_cpu,android_mem
28.69685922441759,1246732.1214265737
