Battery Power* [uW] (Delta),Battery Power* [uW] (Raw)
155674.41347453077,1383251.8005378025
