android_cpu,android_mem
21.57578003246753,1340389.6418233006
