Battery Power* [uW] (Delta),Battery Power* [uW] (Raw)
123229.10182527451,1577408.0949566558
