android_cpu,android_mem
22.415285094070896,1230517.028609796
