android_cpu,android_mem
18.80232558139535,1429610.5280771414
