Battery Power* [uW] (Delta),Battery Power* [uW] (Raw)
238984.53430592042,1412336.5385120611
