android_cpu,android_mem
30.48496628197998,1450148.020582257
