Battery Power* [uW] (Delta),Battery Power* [uW] (Raw)
176340.69653822883,1358040.5207437174
