Battery Power* [uW] (Delta),Battery Power* [uW] (Raw)
129908.90051830772,1171287.9478600172
