android_cpu,android_mem
27.41539052721369,1130235.8083767004
