Battery Power* [uW] (Delta),Battery Power* [uW] (Raw)
114558.46757682858,1401443.6857308538
