android_cpu,android_mem
53.9083748403576,1273185.447039774
