android_cpu,android_mem
19.33858225108225,1303288.6444805195
