Battery Power* [uW] (Delta),Battery Power* [uW] (Raw)
145444.71463735067,1513918.4354668066
