android_cpu,android_mem
15.789393939393943,1253368.4989898992
