Battery Power* [uW] (Delta),Battery Power* [uW] (Raw)
142021.24081242978,1425875.7050852538
