Battery Power* [uW] (Delta),Battery Power* [uW] (Raw)
114450.86245439391,1454603.2161885556
