android_cpu,android_mem
36.03088503429736,1323568.681637931
