Battery Power* [uW] (Delta),Battery Power* [uW] (Raw)
114598.25417896119,1284899.1051295723
