android_cpu,android_mem
49.37380654328986,1203176.8944042015
