Battery Power* [uW] (Delta),Battery Power* [uW] (Raw)
1201477.6131933576,2764401.2687649634
