Battery Power* [uW] (Delta),Battery Power* [uW] (Raw)
354753.61973935156,2057182.8949459633
