android_cpu,android_mem
27.98829168197027,1302543.7011858448
