Battery Power* [uW] (Delta),Battery Power* [uW] (Raw)
137623.66427114507,1229259.3425939628
