android_cpu,android_mem
17.853092337871054,1275050.6000742107
