android_cpu,android_mem
26.760666666666665,1312290.0544444444
