android_cpu,android_mem
14.178343931148714,1168118.0474837595
