android_cpu,android_mem
21.168767173252736,1182545.6855751802
