android_cpu,android_mem
22.372784295312044,1174010.3604345957
