android_cpu,android_mem
22.577146960319755,1426975.047797718
