Battery Power* [uW] (Delta),Battery Power* [uW] (Raw)
177509.50181259724,1066638.1936789523
