android_cpu,android_mem
18.953522053726154,1260735.132016783
