android_cpu,android_mem
29.410576923076924,1316557.207692308
