android_cpu,android_mem
10.38892460528081,1263176.34898885
