android_cpu,android_mem
21.89035084187521,1146795.7704059775
