android_cpu,android_mem
42.80116422466423,1278659.0735592186
