android_cpu,android_mem
20.500291492632314,1223949.517079039
