android_cpu,android_mem
22.05176470588235,1278835.1444444444
