android_cpu,android_mem
52.102594496530536,1353173.1726632765
