android_cpu,android_mem
21.905342778787904,1276973.0662411472
