android_cpu,android_mem
33.49165903617178,1258481.5772363818
