android_cpu,android_mem
16.723007384217098,1093744.131303191
