android_cpu,android_mem
22.120923803410967,1344618.3673937893
