android_cpu,android_mem
23.216530664327806,1198753.8559350458
