android_cpu,android_mem
19.380252392122436,1152265.683843341
