android_cpu,android_mem
25.33910369212656,1377388.5187410347
