android_cpu,android_mem
19.204517029001142,1232224.7745357673
