android_cpu,android_mem
21.13711945744032,1270245.6720301541
