android_cpu,android_mem
21.434908330864683,1192082.7646213095
