Battery Power* [uW] (Delta),Battery Power* [uW] (Raw)
201867.61852547174,1467381.4797947498
