android_cpu,android_mem
25.600736388514992,1242838.031858713
