Battery Power* [uW] (Delta),Battery Power* [uW] (Raw)
189022.66905194367,1301210.1078705252
