android_cpu,android_mem
19.572529644268776,1310457.2598814229
