android_cpu,android_mem
18.96734124595967,1401891.157020453
