android_cpu,android_mem
31.645365536847777,1413034.3649701
