android_cpu,android_mem
20.203656126482212,1262168.644268775
