Battery Power* [uW] (Delta),Battery Power* [uW] (Raw)
148853.37565782678,1505043.3221902708
