Battery Power* [uW] (Delta),Battery Power* [uW] (Raw)
174843.45048158529,1281841.8876754073
