Battery Power* [uW] (Delta),Battery Power* [uW] (Raw)
104077.44943070933,1148997.9230900423
