android_cpu,android_mem
41.2407986111111,1361663.5196759258
