Battery Power* [uW] (Delta),Battery Power* [uW] (Raw)
170603.93841714255,1467689.4887859493
