Battery Power* [uW] (Delta),Battery Power* [uW] (Raw)
123838.84451860044,1238925.1033471746
