android_cpu,android_mem
41.2478996049299,1370276.2457878592
