android_cpu,android_mem
19.046244431261936,1194935.071162357
