android_cpu,android_mem
-10.909690561221689,1202110.2307178986
