Battery Power* [uW] (Delta),Battery Power* [uW] (Raw)
151747.55838534635,1117368.7664655296
