android_cpu,android_mem
19.294375000000002,1274872.3326388889
