android_cpu,android_mem
23.011436170212765,1294055.2107712766
