android_cpu,android_mem
28.76901657980445,1231643.8578535798
