android_cpu,android_mem
23.361625502546236,1201475.7170008044
