android_cpu,android_mem
21.417237567791158,1239272.703892821
