android_cpu,android_mem
34.268353693002396,1351947.1484364343
