Battery Power* [uW] (Delta),Battery Power* [uW] (Raw)
121040.75404503946,1167785.7968475088
