android_cpu,android_mem
17.66867891281803,1340889.429303786
