android_cpu,android_mem
40.16514517323353,1249635.1516237226
