android_cpu,android_mem
19.342873205357016,1056895.3485684688
