android_cpu,android_mem
18.61322674418605,1265857.1790213177
