android_cpu,android_mem
19.90411081931605,1291717.250534357
