android_cpu,android_mem
16.39795918367347,1319927.673015873
