android_cpu,android_mem
37.31135683002298,1613109.4176812163
