android_cpu,android_mem
35.34087484943989,1357104.998755852
