Battery Power* [uW] (Delta),Battery Power* [uW] (Raw)
211572.21459859045,1426837.3159500747
