Battery Power* [uW] (Delta),Battery Power* [uW] (Raw)
215727.61106014546,1293578.8756047986
