android_cpu,android_mem
20.26457665163484,1395252.498725093
