android_cpu,android_mem
35.5327733787974,1405871.8909432194
