android_cpu,android_mem
24.619005590888026,1190780.3598589427
