android_cpu,android_mem
13.028863035235176,1406855.0760147898
