Battery Power* [uW] (Delta),Battery Power* [uW] (Raw)
263581.29537115037,1593789.6531170579
