android_cpu,android_mem
14.398113998840136,1437048.2166015045
