android_cpu,android_mem
29.107980859010276,1232914.6037161532
