android_cpu,android_mem
42.14203280120826,1296480.7069644548
