android_cpu,android_mem
15.796060606060609,1242548.0967171718
