android_cpu,android_mem
19.938729498729497,1206200.5495379996
