android_cpu,android_mem
19.182654111318566,1240131.8771021387
