android_cpu,android_mem
29.459139784946238,1300599.9493727598
