android_cpu,android_mem
62.88177768897769,1157670.97302997
