android_cpu,android_mem
19.585503662858503,1228422.2274632864
